id,email,password,handle
1,dbrambill0@smugmug.com,v2QRm4ma,@dPsWzzlayw
2,pstickings1@furl.net,TOi9W50t,@HWlnxXXoK
3,ctuohy2@tuttocitta.it,W77n9BOW,@PABuMqDBy
4,amaddern3@yellowbook.com,WCmy1S58,@rusOy
5,jivanilov4@soup.io,GUcj1S84,@WaGKKqLC
6,mperett5@paginegialle.it,3LsQeF3t,@lXxwqYCCw
7,scrosoer6@gizmodo.com,9X0u7W7H,@BHCixBkvU
8,mhabbin7@desdev.cn,U4JWZV6h,@zTWOqrD
9,ojeduch8@elegantthemes.com,225tmqr4,@fclFNJFyy
10,dguiver9@icio.us,e1r7ljWo,@Kkman
11,kgarrowaya@tripod.com,PaG4zc1r,@tpWbkFGJtg
12,mwiddb@time.com,2e668xQu,@yTKNxDy
13,dlevertonc@nationalgeographic.com,Os9pRYaD,@CMDqTisb
14,rrodeard@dropbox.com,6c6BOP9v,@mGpXeDcO
15,harbuckele@seesaa.net,94vWs1OG,@EcRlQANtRE
16,fjiranf@com.com,m4Rxr6N9,@FAgBykMXf
17,shyndmang@twitpic.com,14Ez1pFK,@lnRTMdfdk
18,jinchanh@google.cn,1bsRJ0aA,@bKDzmHxh
19,mcawsei@multiply.com,C0D1enM8,@xDUiMKjlE
20,blockerj@cdc.gov,IZlqM4L6,@BlcJevcEuJ
21,jflyek@google.cn,sDwTqcaF,@WOTnqTu
22,aclaitonl@bluehost.com,I24EiVh1,@hHVFwtczZd
23,rithellm@jiathis.com,WI9Z702p,@Vemvthedc
24,wferminn@canalblog.com,o5iRsI2l,@udKUnCNP
25,zmateio@goo.ne.jp,04WgmU38,@rDUCjwP
26,aebdinp@tripod.com,lcFiX2YH,@HryeVl
27,jaylwardq@free.fr,988kC409,@cwUCvA
28,aricketsr@naver.com,8ZW9502s,@kfgiLLj
29,ffeldsterns@123-reg.co.uk,I4688ro3,@OAPUkWFDO
30,rterbeckt@github.io,iB7tKL5S,@ndpvSgP
31,cmcgivenau@t-online.de,G5Gbo0CQ,@QrdPI
32,dblumsomv@walmart.com,UT3fa5mO,@BMiLVIUqN
33,aforsdykew@wix.com,0kG7V529,@LjXXdYBsjP
34,hsymersx@soup.io,ZOBm6T3u,@qzHClS
35,ibisgrovey@51.la,6h0bJ3g8,@gGmhfB
36,rjeggoz@constantcontact.com,Ngey8dHC,@yjteY
37,emartyn10@businessinsider.com,rQ3h93As,@dFiPukzLM
38,candres11@creativecommons.org,Wpa97n5F,@cAstNuyWh
39,rpenning12@networksolutions.com,QeYITeXY,@YYdnLJ
40,lboreham13@hibu.com,qdm3rery,@ZEOdMhvZKD
41,imerigot14@ask.com,Ek0X20wn,@vytZdJMr
42,bpenner15@istockphoto.com,v83S76kN,@FnmxeYX
43,emcfadyen16@yolasite.com,FXDZSiB2,@QXpFOKGeB
44,cbeckers17@ustream.tv,ZuPxNcjQ,@WrcjQl
45,dgloster18@usa.gov,pEnXS4LC,@tqKPve
46,sputtan19@meetup.com,yguYTWGh,@HZvqEm
47,ebrook1a@storify.com,8TO8rY87,@CpgKKob
48,smariette1b@yelp.com,giS9JqHf,@DNzlS
49,jkitman1c@ask.com,irVSc0U3,@NIlyfI
50,gtrace1d@oracle.com,cNfO0Mmo,@NCWIP
51,drickis1e@ocn.ne.jp,3x4lLVOx,@ZghsYb
52,kvatini1f@buzzfeed.com,csqLF86R,@WCBoKmuaE
53,gshasnan1g@unc.edu,ZZsY9BfH,@onzlgje
54,rstockall1h@sciencedirect.com,Hj7wdItC,@bcTmQzcIL
55,sfussie1i@sciencedirect.com,kcQmIYV8,@ffYQhORlz
56,jteenan1j@instagram.com,nl8I151d,@kwDhMRPBx
57,cmartensen1k@edublogs.org,71enQf9k,@DBvUYXXWn
58,ccubitt1l@yahoo.com,Yom5rUKY,@xJsPqWg
59,aessex1m@last.fm,RwFY7d2j,@VuOlWriM
60,dlivsey1n@tripadvisor.com,h6P6hth5,@gxjsMW
61,clishmund1o@goodreads.com,TGcy30HT,@vnCyNWPA
62,yrosin1p@slate.com,EDbkpjwV,@LTTdHi
63,aaleksic1q@1und1.de,4491TS3I,@VpuaCZOrcp
64,dorneles1r@nba.com,6Xl4HZNx,@QfLVuKg
65,jshoebridge1s@aol.com,b604H7ri,@vpjUxiO
66,dmckenney1t@sakura.ne.jp,wTMiKlp9,@IzpnkayrXY
67,astrasse1u@linkedin.com,IhnhAEkX,@UqxCNXC
68,blamb1v@youku.com,l97j9f99,@gFjJNOZI
69,srasmus1w@foxnews.com,1j66gtHR,@FtiGaW
70,tdewilde1x@free.fr,vqP54N7H,@uNBaTCrhfN
71,amcnirlan1y@qq.com,zTIA99sm,@ZsbsYRj
72,yfilon1z@reverbnation.com,K30p62Cu,@VmTAUm
73,hderrell20@goo.gl,8joc2DrT,@wnHmZk
74,bantoszewski21@indiatimes.com,8LfQteXZ,@MzVrVRfK
75,pfrantzen22@nationalgeographic.com,tykTt3rY,@yZrbvjvw
76,iflescher23@nbcnews.com,PCGEPtt8,@HAMaIJ
77,aangier24@bbc.co.uk,QNwDqD6K,@LSRnQz
78,lwatchorn25@cocolog-nifty.com,eH5XIZHv,@EuTwS
79,njuara26@upenn.edu,hbGfZWkT,@ZxuKsd
80,ccraghead27@histats.com,q5lUy1AN,@UgsQdLlFew
81,apeschmann28@time.com,Vkcu6i2t,@BVBGZaztk
82,dseelbach29@seesaa.net,RcW55U1I,@THFVq
83,lchildes2a@who.int,9TZ4R72f,@Pvkfo
84,jharriagn2b@chron.com,9nHCD027,@AQFEatqxA
85,abeacroft2c@mayoclinic.com,4P0l6vBM,@eZfrnUS
86,srugge2d@4shared.com,61PNDcPS,@mBWLG
87,wjeroch2e@cargocollective.com,rJ7I7LMh,@blObUfwDl
88,msorby2f@storify.com,KR1uAS2F,@AryBYP
89,pbartusek2g@xrea.com,8KhoBUF1,@HgQlQeKzAS
90,hlambricht2h@netlog.com,4fX8D214,@aLych
91,obachmann2i@tiny.cc,3B22nrDR,@shNPwGk
92,wbenitez2j@vimeo.com,BI6yq2p4,@qZfTEjPJ
93,jheggison2k@google.it,60q75729,@PVREcYdNxd
94,dtilly2l@engadget.com,l0rF48oD,@qhtaryECE
95,ksnelgrove2m@mozilla.com,wE26O2EQ,@PalRRTGbz
96,hmacdaid2n@unicef.org,MlI2zF58,@XBBMc
97,cscintsbury2o@cbc.ca,0P2mFZoL,@yWAqfEnu
98,csarll2p@opensource.org,P4BPDyTP,@qaSdGKTkmR
99,nwoodgate2q@cafepress.com,2P0i7F8G,@NnDSfYBDQ
100,abrimm2r@free.fr,9AfrzA8P,@dKvmh
101,zbusek2s@uol.com.br,N6Sa7k27,@AMSECv
102,kpyatt2t@netlog.com,50kDRj21,@VBpuoA
103,agrishanin2u@friendfeed.com,f5uHympc,@PJMAtR
104,pfairbairn2v@blogger.com,1rp871CT,@jUNAP
105,cmugford2w@nba.com,4cUhUAIc,@vzyCnuQmK
106,jmeek2x@godaddy.com,dvFp7MFz,@ALMEikBf
107,gmadocjones2y@businesswire.com,rq95Yqog,@wSUnYXmpo
108,ocarpmile2z@geocities.com,A0lTO5b6,@AimOmJzTIi
109,dkavanagh30@theglobeandmail.com,Y29LQN2N,@GpWirzQgj
110,ngockelen31@360.cn,485j8V94,@XYxftfY
111,byoakley32@walmart.com,5lmAHoOb,@BoFWjXn
112,cjerisch33@soundcloud.com,4KNVn22Z,@Bsiiove
113,ehaslocke34@nymag.com,7Dcg651C,@MHYEW
114,cbeedham35@salon.com,84640bqD,@xBAKC
115,bconiff36@sina.com.cn,GF4lV2FN,@gGLJy
116,hhoxey37@tripadvisor.com,4Ig79619,@jkgzqSuA
117,jchadburn38@theglobeandmail.com,0F6ygDnu,@bRWzSWInn
118,wliepina39@eepurl.com,iJP220G4,@OAywZif
119,mgiblin3a@so-net.ne.jp,4E1Y0i38,@nTYDa
120,nmclice3b@163.com,21kCkR43,@CRVGAfGE
121,edreinan3c@arstechnica.com,y6n93q33,@MOyRwzC
122,akewley3d@gnu.org,P7ez8Z1Y,@NvctAERH
123,csolano3e@blinklist.com,cZ7GC8n3,@ilRDWYOFd
124,hwoolvin3f@patch.com,a7Pc2zAE,@mXONT
125,mcrandon3g@epa.gov,0sW5q3Wu,@GnPJXCKmvj
126,groutham3h@mozilla.com,RCxGJESK,@EgxFysc
127,gkilbane3i@stumbleupon.com,R0FU1Kly,@mCKNmAX
128,efilyushkin3j@google.pl,Eprzw9Ku,@BaoDbfIG
129,wchinnery3k@rambler.ru,xGNZxxm3,@cEBkXjQ
130,gkinnear3l@globo.com,z9JkVIbh,@fSTeApUTu
131,sjosefowicz3m@usa.gov,U5k98yK8,@WmTFFvoy
132,llutty3n@boston.com,kZYdKuNO,@QyOAdyeBQo
133,jkassman3o@walmart.com,9MnkAp8W,@DIVmp
134,dbachmann3p@cbsnews.com,F6x2i6uZ,@HnBlhlU
135,sformby3q@surveymonkey.com,f6x16ehA,@PsEylxEv
136,braddin3r@icio.us,C4TqN0jN,@HMbmleI
137,jlocal3s@gizmodo.com,f9Dt4pWW,@GAUHY
138,ncossons3t@bizjournals.com,cHV9lYu3,@FnlCusSt
139,kjoincey3u@google.co.uk,NO99A3L2,@AdiEdeI
140,mtuffs3v@va.gov,nUYc3qkz,@gWJozjg
141,stollfree3w@globo.com,B6q0bOvw,@Oywtjx
142,hsessuns3x@icio.us,oTZGKZoq,@WLGCNzWKw
143,slugsdin3y@discovery.com,xf2Gki0g,@ZXkqwzMl
144,rgandy3z@virginia.edu,70H3QqM0,@ZzjhX
145,hmullane40@about.me,7zK7Ge9I,@eevUBsrN
146,emursell41@taobao.com,bN4Q1l38,@wemqhRzUa
147,vjaksic42@goo.gl,GeAgUQ08,@feqikB
148,splumbridge43@alibaba.com,0M6iIR3E,@mWDHNLJ
149,apaynes44@google.cn,HU39K2bQ,@cwCpWPiP
150,lantrobus45@hubpages.com,Ib44G14U,@EtvRZRlE
151,gcorrin46@digg.com,7g75MJO2,@iPpwPXG
152,edradey47@etsy.com,5mgZE4IZ,@TFMDb
153,rfilisov48@cnbc.com,0i08s8L2,@stbJDxjbP
154,jparish49@ifeng.com,5F1R17Z0,@dcRPdJD
155,nyven4a@cdc.gov,2954Oh1W,@TbVgBx
156,sharriot4b@barnesandnoble.com,5r8XcC6M,@UvpipP
157,vunion4c@amazon.com,aGeo7t1L,@wYbih
158,dmolnar4d@51.la,JQrdO6XF,@bjpBwP
159,lcrawcour4e@themeforest.net,4gAtc8VO,@GKOzxIyiBl
160,mnazer4f@ted.com,eo9VWZsu,@NJiYaa
161,lpoland4g@github.io,o1s4QLRq,@ddhsN
162,hcalloway4h@unicef.org,Bq2VteE0,@LHSfe
163,nvalero4i@ox.ac.uk,57CZE60O,@PWfAZ
164,crishbrook4j@dropbox.com,xs1dw878,@WqBXoZ
165,afletham4k@newyorker.com,OU966qAG,@fSMUfk
166,stellwright4l@ameblo.jp,7Ww3g27S,@EvYFODhku
167,erollitt4m@instagram.com,q0BQt2M5,@uqbFlAdHaA
168,nsantoro4n@trellian.com,7W6z99UO,@vtVsxqkJ
169,tfarnham4o@disqus.com,w1aJ1iT0,@oVTVgulP
170,egeorgeson4p@oracle.com,kX1hxOfs,@TmLraFY
171,mjedrych4q@oaic.gov.au,V5276u8a,@Yocxc
172,rlisciandri4r@hp.com,rBFznP80,@MTuGzv
173,deast4s@360.cn,oeby9T3K,@KCSHZs
174,soflaherty4t@networksolutions.com,r357Elk2,@MCvEYip
175,cweavill4u@bigcartel.com,Y843xp5Q,@hGEpLMJyba
176,gkelloway4v@mtv.com,BZ689UpA,@yjvNjyZWhY
177,bmushart4w@devhub.com,6G8YF7Dl,@MRJztyiE
178,cfearey4x@loc.gov,5eHZB272,@IMCwvpcDf
179,imelia4y@mtv.com,Cv27B30o,@tkvNYVChW
180,agibby4z@guardian.co.uk,1Hy2dqtN,@PwYgCnGq
181,rofener50@webmd.com,XJ59hd9f,@PSuujf
182,edoughartie51@mac.com,K2pcB28p,@UaqGFcSD
183,mbestman52@acquirethisname.com,4Q4ZgsmC,@KGUDtaaRNa
184,lclarkin53@adobe.com,b6JYXpTv,@yUEBAbJUxW
185,zkennion54@github.io,AsIekw83,@LmguwIiKOH
186,enunesnabarro55@woothemes.com,595b89y2,@yPdtI
187,hgillson56@usgs.gov,viZhOzx3,@RWeeUiP
188,fdils57@xinhuanet.com,l9SEX2AZ,@ZUklcNPSOM
189,aambler58@ca.gov,cAb4Tzfy,@yFSFZK
190,smewes59@npr.org,R87pcG0R,@yvIeztfNgM
191,gvandale5a@baidu.com,50325BxU,@JfCnau
192,ehouseman5b@wordpress.com,ngd2JWP4,@etqPcRWsx
193,rmillery5c@usda.gov,P2MkpyZ6,@fZkBqPIZBP
194,slearoyd5d@xing.com,BZWO68yk,@Fknfc
195,gfavell5e@pcworld.com,z00o3hmp,@OFroljKb
196,gorrin5f@deliciousdays.com,dOq3FpGr,@tScSYUJ
197,kockenden5g@wikipedia.org,0P7mkl1s,@oVbwxhpa
198,lraisbeck5h@simplemachines.org,q1vpxwQm,@LgSxhWBx
199,cblacker5i@dagondesign.com,WazLn97S,@JLDXjXH
200,tmelly5j@mozilla.org,LIQK4aWb,@WWlVMR
201,mloody5k@jiathis.com,YNOR0f7B,@UlwvJ
202,aclissett5l@angelfire.com,4LLbw5rr,@ONhmglfBMs
203,cwissbey5m@cmu.edu,ShrDZF3j,@jeXqzWXaR
204,tblunderfield5n@fastcompany.com,a86ZLyxD,@zZoKpIXU
205,karkell5o@ebay.co.uk,G63Oivv0,@mmttgIKr
206,lcuthbertson5p@cargocollective.com,30Ekd6wP,@WVfMBXNo
207,dmcmurty5q@mtv.com,188y1RrE,@DogeGOIvkB
208,ahryniewicki5r@ihg.com,svvgJU8d,@hZokC
209,rpariss5s@parallels.com,v9bo2jGc,@yAyZUF
210,ezorzetti5t@e-recht24.de,VRT131Ie,@TSQMBcELkY
211,asample5u@wikimedia.org,Xh9AP8rm,@konrRVBchh
212,fcobb5v@de.vu,x0FDqBH8,@ndmjmJ
213,ereeday5w@wsj.com,t8JF2615,@VurESfccdW
214,tjasper5x@si.edu,x5oN9D88,@wxCvSYwCyw
215,bmcgragh5y@nymag.com,571JTx5t,@avANbLBQr
216,jfuge5z@xinhuanet.com,v4O2eH90,@AhENvTEvW
217,tbottelstone60@zimbio.com,6ekZe707,@gmFEhHb
218,csenecaut61@dropbox.com,R39DZyj0,@ogAAEsTkvP
219,dhuggens62@goo.ne.jp,27Op6ADA,@ORUXCbR
220,lpowland63@google.de,t3w6N2kf,@osTXaWcsYt
221,lcumpton64@who.int,L4e9Qy8M,@sxRSWKPFCA
222,epohlak65@unesco.org,4XvW9E92,@AQwEdqIgIe
223,rjuan66@narod.ru,c842zzS5,@geMRqzer
224,ogooms67@about.me,iWEvapQ6,@xopeGZJjj
225,kong68@state.tx.us,2kVl35K9,@bXYbFWFg
226,ytampion69@e-recht24.de,nYE000Dv,@TZzIaLxk
227,corrin6a@opera.com,9Un15zj8,@PqpoxkTW
228,mhaquard6b@businesswire.com,3fGd24VI,@KBIfQeuN
229,dlightollers6c@paginegialle.it,OtgVqO1L,@tgAwVRk
230,dmatuschek6d@wikimedia.org,A2435A7P,@ZXuwmlZS
231,kglanders6e@1688.com,1RN42nr1,@jjDDwYpo
232,rgodard6f@taobao.com,Ov4cX5J9,@LaFoDyjcU
233,kquarmby6g@bloglovin.com,bxvZR1pa,@eTDcuCm
234,oleads6h@sfgate.com,6Ng5nc9M,@yQPSRgpz
235,tpearle6i@examiner.com,X9g8sx4D,@TZmSVA
236,wmallinson6j@taobao.com,KYoGI37e,@qEOSA
237,clilleyman6k@e-recht24.de,5W1Ri9UV,@ZmKZApf
238,wwindress6l@jimdo.com,CT4Uvha3,@YjgrptldGu
239,dlarver6m@dailymotion.com,FL2k97DT,@WNDmj
240,mgaule6n@nyu.edu,8cgI0nCL,@YdbUboQGY
241,bboteman6o@skype.com,YqQeUxLA,@POEXeoNMk
242,pgornall6p@youtu.be,6U2dDL2g,@gNfrbJGj
243,blethem6q@skyrock.com,P81tg3KL,@tjwskKiqr
244,hconeley6r@sbwire.com,eNDF4n9v,@bMMGNeXpdf
245,cnutten6s@google.com,1pD94Dxf,@qPUNzybhK
246,jjovicic6t@icq.com,Pp9962Cw,@Stzny
247,dleake6u@t.co,UB6w0JRU,@jmczegETN
248,mmaccartair6v@infoseek.co.jp,i8hxTxAr,@wUAQcCzQ
249,kdrydale6w@apache.org,lom27ve2,@PacfgNZc
250,molehane6x@slashdot.org,54RC7Av1,@hUjClZSMU
251,dbreakwell6y@symantec.com,7PFL6YYJ,@mMIUXXBn
252,vspowage6z@umn.edu,Mg9I81W6,@pRHzwDYGVs
253,cgerriessen70@si.edu,k14RY9E4,@MUZJKxd
254,ipizzey71@infoseek.co.jp,KkpAp865,@ACfZkbW
255,pebdin72@apache.org,cII45r1O,@QLLJl
256,jlamerton73@macromedia.com,qQ0Oz52i,@cUwJnYT
257,mrivenzon74@answers.com,18P60z35,@YrgEnumY
258,psemechik75@unicef.org,JroO0zCx,@NdoJWwWKgV
259,rstapels76@nba.com,R7bY4a42,@voOsW
260,cshakshaft77@ebay.com,78S4n66O,@kqRNOkbci
261,nollier78@friendfeed.com,8LG29AGr,@TPboMc
262,ssancroft79@phpbb.com,LgaEVHQ6,@WcWTAYLFXX
263,hwarcop7a@msu.edu,TxF850Gl,@lWMPPi
264,dmcilory7b@fastcompany.com,YY6p9q68,@YRSzFF
265,mscurrey7c@mozilla.org,TUj7DLgd,@cdPAQqEeM
266,lfieldgate7d@scientificamerican.com,1AW4Pnl6,@WUCXfEur
267,gleavry7e@vimeo.com,tU9fgk6z,@ucvlySqL
268,vfootitt7f@cpanel.net,9gE4YTX4,@bmeyQw
269,amainston7g@census.gov,q499vaB9,@ejpOm
270,gadamek7h@businessweek.com,Ju85Tu21,@joByr
271,clobley7i@gravatar.com,kXwV98sp,@sXdmZRZB
272,warnoud7j@ed.gov,3WdVu0o7,@rRTORFZiuL
273,ffawdry7k@cnbc.com,jF4t2I43,@cWNosgiZ
274,bclaydon7l@w3.org,z8KCp48i,@GTbXRenP
275,gfigg7m@skyrock.com,X4Z4tyE4,@GLoRSY
276,khartrick7n@reverbnation.com,I43gs4XM,@AuhiMDE
277,pcaudell7o@auda.org.au,0Ch3rNzj,@MlDjdPptKj
278,lstjohn7p@sogou.com,8oi06yg2,@GWDdNpwO
279,pmasseo7q@cargocollective.com,P6ks0DwG,@mIRMV
280,ssemiras7r@wikimedia.org,58icAagS,@eXAakTn
281,ehannabus7s@shareasale.com,mdN6bk46,@ninANbe
282,nben7t@hhs.gov,1eEb3T5i,@iTyUE
283,ttomkys7u@ycombinator.com,DuD9iT32,@bYTaduu
284,gcheine7v@mysql.com,xHwhPz64,@bLZQgB
285,zhanscomb7w@cocolog-nifty.com,9Rid2t8i,@OqneSiMljf
286,sdyble7x@chronoengine.com,j2xF11Gk,@dHVop
287,kgrzeskowski7y@economist.com,wnXHrL6v,@qSMmGdTs
288,omantione7z@google.cn,Gyd053xS,@xQfRvvKuT
289,wvedyasov80@go.com,Zd1rz5GS,@hmiKZvVGUZ
290,lassur81@thetimes.co.uk,zFO4ORFl,@wtGlVH
291,uever82@ycombinator.com,67v28SFj,@FMHLsI
292,jwarr83@ning.com,x0Q52fo8,@sziyv
293,gcollop84@fc2.com,AyaaNQn4,@InzSXo
294,byerill85@fc2.com,JdPNy878,@PstzjOww
295,wbaudouin86@cafepress.com,h98HMASL,@GlPNqnQY
296,bkasher87@cornell.edu,07SbL5fs,@rxBKYPrmkn
297,cmccudden88@businessweek.com,2nZF87A8,@iLCrLbwuNn
298,gkoubu89@cargocollective.com,Gp7xN0G4,@FGxhYo
299,mtribble8a@comcast.net,9i92w1to,@RdOIg
300,jsleightholm8b@dailymotion.com,l5D27sQV,@yKpUQOhr
301,rharuard8c@bloglines.com,z93EsCPq,@FWqpAH
302,bhenderson8d@google.ca,PgtIy7gN,@xGXWlOs
303,rabramovic8e@naver.com,rQ3erA6T,@ezfum
304,mperllman8f@phpbb.com,9vgX504E,@RKpQc
305,fthorp8g@timesonline.co.uk,VTxWR6eK,@iVWJL
306,dslowcock8h@ucoz.com,99owzOZS,@lKGZqDtK
307,wmanna8i@pinterest.com,943LIaeh,@dWrUc
308,cforsyth8j@uol.com.br,iyhj0lC0,@qVPwWq
309,opacht8k@google.com.br,rhkWKF7S,@RRQhA
310,vchumley8l@infoseek.co.jp,xTn90y30,@pznCjikm
311,npaschke8m@a8.net,OtdoVUd1,@mdLpJ
312,jadderson8n@salon.com,3u0Wbb1s,@pfEwIsnDvG
313,lchason8o@lulu.com,e7rWaUzx,@DdtHC
314,skrale8p@who.int,s8m20u8c,@CBtUTF
315,sloveman8q@weather.com,1j473eT7,@ImYAvXS
316,kgellier8r@tripod.com,aFn5Z6P4,@zlgZgNbSuc
317,pcockran8s@ihg.com,O6goKzYs,@YzVPK
318,ccallery8t@google.com,YMQ0CFTT,@ebofxSn
319,mallsep8u@comcast.net,c6r6EN4t,@SFQGSvY
320,okirby8v@nytimes.com,1SXZ0qgg,@zxBDwmgDkP
321,arubinowitz8w@goo.gl,5pAvlb2d,@uFjSir
322,ademschke8x@yale.edu,5EJTS4V3,@GInzla
323,kbeat8y@ed.gov,mCO153F3,@gqxXTRRBn
324,amuselli8z@miibeian.gov.cn,9xjKdCHW,@nBVkI
325,abithany90@chronoengine.com,B18xT393,@usVPM
326,jjanatka91@google.fr,aQHov4qv,@ueNIPb
327,swines92@tuttocitta.it,p83o020x,@LVBeXzOXQZ
328,kbarling93@wunderground.com,S0wYPxST,@QilJy
329,tphelipeaux94@geocities.com,G90lUNXM,@rhwEWVwb
330,lhotson95@lulu.com,9FSYG5f9,@rLFfoC
331,tberthe96@whitehouse.gov,5t837Ur3,@VTIst
332,cshillitoe97@cafepress.com,KPp52aPA,@qPfSFeFY
333,bsumers98@cam.ac.uk,c3s3zK5I,@yHYHXLWTJE
334,afendt99@instagram.com,0E2x39RO,@dWGKpZ
335,esabie9a@jigsy.com,lC54K8Yh,@WVZtWA
336,ttofts9b@histats.com,ocP15Y6F,@aJgaZbxaF
337,ahardwell9c@narod.ru,RNXGr31z,@GdLmaHwKU
338,rmishaw9d@csmonitor.com,WyX089X0,@mAgNIau
339,gtippell9e@gizmodo.com,X78yF093,@ebJCGJLwn
340,gbloxholm9f@discovery.com,93hMZoan,@kmjLPBs
341,scoldrick9g@wiley.com,A57x24Jp,@XQket
342,dcarrodus9h@wiley.com,RcJRq385,@jXtXyp
343,jmewis9i@hostgator.com,2w3a3cZJ,@srUTcQS
344,cgameson9j@moonfruit.com,j7m9c9Ii,@nqCIGUqG
345,esteinor9k@ehow.com,00jSBKZ3,@QOfpGOb
346,ldmisek9l@whitehouse.gov,6z4s5849,@SJMEU
347,nisaq9m@vistaprint.com,Egul8rm8,@GhdIgVTMr
348,pburkett9n@mashable.com,IAYxZnj9,@lmWEUIjvP
349,nmuldrew9o@state.gov,6751P45n,@IOjtuPgp
350,lcrockley9p@lycos.com,qSiQn88t,@CAOKhitlWS
351,edibernardo9q@cargocollective.com,zwE2tv5q,@LaidQScW
352,pbreagan9r@kickstarter.com,DbT82ouw,@EMdueZtcpZ
353,lknibley9s@accuweather.com,xl2SeFr2,@fKGMwr
354,mmcguiness9t@tiny.cc,A9N4MWKO,@JGNVqAIatk
355,jpidler9u@uiuc.edu,X0LIMt40,@wkQGmlp
356,bcheater9v@live.com,j0fi57kT,@FqXiLoVf
357,ocurwen9w@lulu.com,kyd1BmT6,@WNGssBZ
358,jensley9x@baidu.com,fAb9PjsI,@OkSIqN
359,dwaadenburg9y@noaa.gov,1p4410j9,@OluaCCcikn
360,bphillpotts9z@stumbleupon.com,C4jrDkU3,@isdth
361,ccoonana0@dmoz.org,2x2FjcHd,@KtHLUhu
362,clatoura1@slate.com,Ufp3339u,@ztIXxFi
363,jreppera2@ebay.com,PtK14sHJ,@GFrkRg
364,agundersona3@google.com.br,3BB5g4C0,@sVytDjHMii
365,bbengtsena4@sakura.ne.jp,227XsU0p,@nDnZPm
366,jvidyapina5@huffingtonpost.com,90m6fBdQ,@SROCkhm
367,ekleisa6@mlb.com,t6lmAo5k,@fSJMHIuveV
368,iestabrooka7@google.com,ibT13FMW,@XdSKH
369,gdavidowicha8@stanford.edu,YtPNGN37,@IWJVXhjSb
370,esutcliffea9@phoca.cz,diyAlGul,@BbGTJbCQ
371,hwyardaa@symantec.com,d05084P2,@ZUTJjA
372,ikilleenab@blogtalkradio.com,2DV215cf,@OXQmkxHB
373,lminesac@china.com.cn,w5cZ4aYe,@AhKqhdg
374,lverlindead@soundcloud.com,lducCDwF,@Xskjw
375,tmardeeae@timesonline.co.uk,2CS8G7Dr,@XTyoMdUpzt
376,cdandoaf@examiner.com,Go8NQj3J,@EHVsozxvk
377,rgodlyag@goo.gl,Y8yRRfcF,@YDDPe
378,efrawleyah@istockphoto.com,t4Uld9vv,@PcUpq
379,emagsonai@independent.co.uk,aBQ580ax,@dKfUTw
380,tdemeteraj@nymag.com,uV2b62ku,@RAJBr
381,ivasyutinak@usa.gov,dkukQFkY,@MnsZtGj
382,wanderssonal@bbb.org,X7CR07EZ,@DxWODnjlQA
383,ptesdaleam@blogspot.com,Gwr07F2I,@ZxujgOhx
384,cburnyeatan@photobucket.com,JFO6HcXL,@qsZcY
385,dmcgeeao@lulu.com,k34Gt0wn,@fgcVpBLaW
386,nbryanap@umn.edu,IQ1wrEJi,@bxYJEKr
387,ckleinbaumaq@tripadvisor.com,w3qdI54K,@wdOJQBGKwr
388,btetlowar@elegantthemes.com,tAgm9j91,@VUmbp
389,tscreatonas@xrea.com,muK9i8wu,@MfSaPHzglw
390,fgurtonat@oakley.com,FAd0hjWl,@HJHzcET
391,marterau@dion.ne.jp,IqwQ7cNn,@FYCLeYefc
392,adunseithav@cpanel.net,8Jt82a4l,@MouQZ
393,brolesaw@biglobe.ne.jp,X6A56Y5f,@vRvxwGUZ
394,pkynettax@technorati.com,bJYzHGjQ,@apZYmQ
395,blappinay@chron.com,7iue1hNV,@gXNGBj
396,uosgaraz@tmall.com,k9up4hmo,@VVOuzdDvQ
397,tkinmanb0@skype.com,Lk7Bu0Ca,@OsRsAzVu
398,ssandsallanb1@hexun.com,06w622ul,@XbdSYkOokt
399,dboswoodb2@bbb.org,3X1P30V3,@nKUwjIO
400,sboyettb3@ucoz.com,D35PLg4f,@CboocMyZtl
401,gbrockingb4@businessweek.com,H6Q0Dref,@GUvQlRT
402,msamwayeb5@webs.com,6FRr29X7,@kBAfDhv
403,dbridgeb6@tumblr.com,DTP55k5u,@evUfxN
404,cbonhamb7@ehow.com,EUDpYvZv,@sAGQHC
405,urennieb8@vkontakte.ru,z8eLjO30,@LlsvdMKde
406,mpedrolb9@ning.com,57fDVlVw,@VajnyohQBw
407,bkernoghanba@google.co.jp,Nf0fClqc,@RejwFDpO
408,jblowfeldebb@g.co,893e3m05,@cjhND
409,jormondbc@ask.com,jEPQHfdZ,@CkdpQV
410,cdimeloebd@state.gov,kE9DAHmN,@RyXNenzznS
411,mfischerbe@wired.com,eCSdNtML,@KWKaQeHQus
412,paronowbf@prweb.com,f5DSV8Vw,@YvxYWnLuUF
413,qgunningbg@moonfruit.com,2ZUFkNX3,@oiQiSooZ
414,bruvelbh@symantec.com,14J1wmcF,@EQFtDKWaCX
415,rbrewsebi@bigcartel.com,sGbv2376,@sTsfeSvkj
416,rbateupbj@jugem.jp,A577R68L,@YAmHWygtd
417,jdeardsbk@squarespace.com,o0hZvt3U,@nOoLas
418,mfilchaginbl@sciencedaily.com,lZ1wvsHX,@zgOoipsr
419,sobrianbm@mayoclinic.com,1NR68epM,@fHZLM
420,mphysicbn@symantec.com,O1L9N813,@BMWcvzFo
421,jtroybo@ucoz.ru,L513xN9n,@gbrPPlE
422,ydoelbp@yolasite.com,w49z1GD2,@wdWMVQmL
423,ckloskabq@vkontakte.ru,IOc79cjM,@hxkza
424,lgouldstrawbr@senate.gov,2S1VCSqy,@TBbswK
425,slievesleybs@prlog.org,71FpYmZq,@dQkuMhPMT
426,hklossbt@addthis.com,CxyJM5vt,@qQTFedoig
427,ldysterbu@ca.gov,6bb0yVT6,@aSOyYGHv
428,folufsenbv@goo.ne.jp,tf3B8Q0w,@HbYPDEsTBM
429,ealywinbw@chicagotribune.com,G0g31vjN,@etEXmOz
430,rlascellesbx@wp.com,YqwbY4Iz,@poefGPtR
431,jsteelby@google.cn,0d9wQ3a4,@ZICuJ
432,ijaumetbz@dot.gov,DtU5Ma16,@OzUytiu
433,sschofieldc0@wp.com,qmKTT6T8,@KhqAqueF
434,wbrotherhoodc1@yellowpages.com,E88ikg15,@hIaehqt
435,eblockc2@shinystat.com,h9N0QI1U,@dALtcE
436,scasperric3@buzzfeed.com,phW8Xb8F,@rgFSQXE
437,lrehnc4@seattletimes.com,Ye5SgvmQ,@weGWDYN
438,hrockinghamc5@twitpic.com,3S24MW51,@OTsUnCh
439,sdimaggioc6@home.pl,S1l29w8y,@IIKqBFFavN
440,dmissonc7@cpanel.net,4JCD3XuW,@viRSXHnj
441,csommersc8@fotki.com,bbRWsHk8,@RSAXX
442,ksantoric9@typepad.com,DBRLyE42,@cIahLQRXOP
443,cramsbyca@squidoo.com,UrcPKZWp,@wuvPAw
444,byoungmancb@businesswire.com,5B2AT83a,@vTVCcPGbtw
445,fmcillroycc@cyberchimps.com,6dbR7O13,@Rtywkeyd
446,cbilamcd@jigsy.com,8WG5f8o3,@HfLpKxfjVN
447,sfroschce@shutterfly.com,xuGLPYn8,@dsmJVDi
448,elorantcf@aboutads.info,2w397nOS,@XAphesDHLK
449,bjanousekcg@tripadvisor.com,6j0bfA45,@fSBSYTH
450,ehogginch@liveinternet.ru,Dx2PVh0U,@nulaDrPZYb
451,bspracklinci@nydailynews.com,gmUN1fLq,@llzHhNdd
452,dtuckwellcj@51.la,RY8uAXY2,@GFAmgKMtH
453,ddudgeonck@va.gov,K1636w18,@cbkePF
454,cmainstonecl@jigsy.com,71Sg0T1Y,@xPzLpZwSR
455,sdroogancm@google.com.br,C5W986Op,@OYHDbM
456,cschottlicn@yellowbook.com,QA7S98Gi,@kBiOlDTGxF
457,cpaytonco@nbcnews.com,lDKD0n3v,@XhysIrvGbW
458,gwhittakercp@tuttocitta.it,RCCoJtOA,@MQYbcCby
459,kpenrethcq@furl.net,0bEiJ7i2,@PkUxs
460,adeegancr@smugmug.com,E2u5RO2k,@nrCag
461,ftrutercs@sakura.ne.jp,QwTq7EY4,@CxbXdpx
462,sluxtonct@sbwire.com,ZY6I36Xe,@hgfYL
463,aspuffardcu@pagesperso-orange.fr,NoiUw84M,@TEuVmfWc
464,ltonkincv@taobao.com,r3FWyLr8,@wjRcbIGD
465,rcusscw@bravesites.com,45u7D7FE,@QttGuhDtGB
466,lberriballcx@pbs.org,Y5C5f0O1,@JTvgBxT
467,dwillfordcy@photobucket.com,2x5r6yPT,@dIvahRlL
468,gwincklecz@goo.gl,Mz6gg9gA,@lxpcAgc
469,djuddd0@clickbank.net,VC3707ZC,@udDuvb
470,rchoakd1@newsvine.com,ewQ7Wrrt,@LFGxzNtE
471,mmarstond2@nps.gov,Zj4sk1Q6,@rmCgRDyNJz
472,ojappd3@w3.org,I8TA673f,@dyxmrxu
473,rpontind4@addtoany.com,1kC6WJ48,@BCpPMnIO
474,ihutchasond5@apple.com,AA7nd1cv,@TLuaYhf
475,jrhymesd6@ow.ly,M34HndV4,@rdvNbRrlL
476,nheinzlerd7@omniture.com,dkVa9t4A,@LnGDA
477,fgeldertd8@salon.com,w4QF3qLq,@mTkvdqjbh
478,bstroband9@redcross.org,cEe7N135,@cvlLPxc
479,rskogginsda@scribd.com,fM6y08y1,@btzUklHoTx
480,rmartinsondb@fda.gov,5RJsATYW,@SsqML
481,swordesworthdc@hostgator.com,ooI70ymL,@fqqXh
482,peylesdd@live.com,y98aaI5L,@hZhUwA
483,djohansende@slideshare.net,r884Bq3U,@yEfLda
484,opaulinodf@chicagotribune.com,Z226sT0N,@gRBwR
485,shaggisdg@plala.or.jp,wBSDkL41,@ojFbGxBiml
486,gcoydh@yahoo.co.jp,2n6PxjPw,@lXSMyuY
487,jjosefsdi@webnode.com,awB0nKib,@rHJQP
488,tspriggsdj@wunderground.com,LVSS8286,@ikXXYbO
489,lbrewettdk@senate.gov,2b629teY,@RWyyi
490,nzanredl@tmall.com,8L6tFf2d,@ghRGkT
491,hsiaskowskidm@pcworld.com,KVv79149,@xIhxx
492,rcraiggdn@washington.edu,Cgv6kxE6,@jeDBK
493,lpestelldo@biglobe.ne.jp,qYnU4qw8,@VCUKZd
494,dleggittdp@yahoo.com,CSjgpn9i,@JGlrMYawN
495,ltansilldq@google.cn,YE5y8l3y,@zftlLVp
496,smarchingtondr@bigcartel.com,NtGEGj1W,@wWQGNnGvF
497,karchiboldds@geocities.com,6Bc4CUI5,@VzyTssq
498,pdriverdt@is.gd,wjh3RCzy,@HTJlKcXKgn
499,bmaddendu@blinklist.com,bXUYNy01,@ZmMTRmpeYH
500,lgoodhalldv@reuters.com,gWMWocK3,@ajXeCNIzv
501,cportdw@hp.com,OSL7nmwH,@aguKrqrut
502,abilboroughdx@berkeley.edu,72a9SDtJ,@bwjCfB
503,lbrabenderdy@samsung.com,Z4cOvt7K,@HdLTdYVc
504,mmuscottdz@wikimedia.org,KxF3728p,@oLOtsTNFI
505,plingwoode0@jalbum.net,7I7wz502,@UtMDlj
506,erumense1@gov.uk,2qnKgq15,@zpNZPSr
507,kfreede2@newsvine.com,8JcqrH8k,@JwnTYjv
508,vdrawmere3@abc.net.au,EeKuPU90,@PJKzf
509,lviberte4@people.com.cn,805oY6v8,@jJsqdYn
510,bgoldstrawe5@sun.com,0FuTf64P,@mDhPtwq
511,cburkwoode6@sina.com.cn,d688CAo5,@iRYMpmbj
512,mdoughartiee7@joomla.org,6pKYs7iN,@tOZJjFRR
513,dkrinkse8@nymag.com,ubl74Dph,@OKcVTKJf
514,tbeckeye9@wikia.com,EQkwbm95,@EsPSa
515,gbramontea@rambler.ru,vx27Oay8,@nGQug
516,estoffeleb@canalblog.com,9r4hxSTv,@EPhRdgGdgv
517,sfetherstonec@artisteer.com,n4n6rIJI,@iwPkI
518,clivetted@ucoz.ru,vmCt2I1j,@pjLgfzAvyr
519,mdunicanee@nasa.gov,EhWjwgnq,@kuTwUucFDP
520,jcrimef@about.me,PWCvDykN,@upjYVKsZ
521,sflockharteg@redcross.org,qrze9Yy0,@SqLjXk
522,dgianneschieh@dedecms.com,v0twCEXt,@ikbcruecfl
523,wdownsei@sina.com.cn,A5xhlQnq,@DYtVXux
524,rantalej@twitpic.com,1W3849na,@oinKDqmCm
525,jdrengek@washington.edu,BE7cb0CP,@yZShk
526,dcrackel@cdbaby.com,fm8Nx1a4,@zfGWm
527,theasmanem@weibo.com,7pl3yiJO,@vQXZfuUmps
528,ksaywooden@howstuffworks.com,f05hCbR3,@dQBSVLy
529,gmartinettoeo@sohu.com,JlbI5nCz,@kShgARf
530,gburdusep@usa.gov,qCaTAhLg,@zWKNZEaP
531,graikereq@ucsd.edu,kigNCw98,@iIjpcO
532,kbertheleter@prweb.com,g9j90to5,@penTimJo
533,rsilmones@xrea.com,Rrq0h203,@fSvNWFJW
534,kcarletet@amazon.de,Q7s907ub,@elFSI
535,kspentoneu@storify.com,46G3KQ8m,@JbiqfghD
536,mkolinskyev@cdc.gov,kgo33G6M,@lqIiWg
537,emounceyew@de.vu,y6n1L8fi,@ArfYjOy
538,lhurleyex@timesonline.co.uk,kewMdx06,@kiyNABWf
539,brojahney@1und1.de,5M6zCsU6,@HHxoPT
540,dtaceez@sbwire.com,Z2eNZT3E,@IcXjouaF
541,dpallesenf0@naver.com,0B6klVrm,@TQtUL
542,lbolesf1@comcast.net,yVnM4s6I,@hEYhzbi
543,bkhilkovf2@buzzfeed.com,f7Thw319,@InXyUZqCla
544,nhethronf3@ustream.tv,SeyZlB3Z,@irNUDkyr
545,mboodellf4@about.com,003KK8O6,@DmzOPpY
546,foreaganf5@fotki.com,MZsqp7J3,@orYLwC
547,maymericf6@devhub.com,i4vby43Q,@IyvgoWxfA
548,ctrettf7@pen.io,5FUuUU5J,@GzQgPl
549,skestinf8@dell.com,jc9lP7BP,@TDvUYVdoW
550,mgrigoronif9@ucoz.ru,Z415B4g8,@dIcMcV
551,sdunstonfa@cornell.edu,PR73l9y1,@XSBLKEpOkh
552,cshilladayfb@cyberchimps.com,oEBtmczI,@lnqmprw
553,bnewsonfc@topsy.com,32yJI8o7,@GdwSchUir
554,lgypsonfd@guardian.co.uk,0saN2fwJ,@qjefr
555,emcskeaganfe@cam.ac.uk,2hhV1ySH,@rxqvbKi
556,dshillanff@cbc.ca,9G8mFUQt,@eEtUhqA
557,egeraldofg@dot.gov,J6ar3R3L,@GSapNrg
558,eandraschfh@odnoklassniki.ru,77m14X03,@lrDpE
559,asolesfi@xrea.com,lY6VD4yW,@wScdYpkqNO
560,oleybanfj@independent.co.uk,qwM66wuK,@KXxSYgZ
561,jjorgefk@netscape.com,N5e9Y86R,@DFlaeBSriY
562,bfrenschefl@1688.com,sU1whk71,@GHFkLn
563,dbertomierfm@dailymotion.com,5mVqxnhc,@cAKOzYsrTE
564,emacardfn@elpais.com,w5AKkzBl,@WKOaIHMz
565,rdeathfo@kickstarter.com,qD565H41,@XHYXdh
566,nwestermanfp@utexas.edu,TAk0B9qr,@cHKaya
567,aklugerfq@themeforest.net,cWVYhdMX,@JDRfMd
568,csarchfr@homestead.com,M8G9929a,@DfCll
569,bodgerfs@google.ca,0rAV000L,@HclpxUj
570,tiacovozzoft@wisc.edu,t9IMM6W1,@ChpKmTAd
571,rstonmanfu@com.com,63kW6U5V,@wIIcCHFMFJ
572,rpetchellfv@arstechnica.com,v0I20U57,@BzsyfxX
573,pgerranfw@1und1.de,50lgLO2W,@fgSsUFTbv
574,gtodeofx@oracle.com,5SgiX68l,@yvLsGZqqNs
575,ccarrierfy@cnbc.com,mkAoA7b9,@GnYOeHqJIc
576,zotteyfz@blogtalkradio.com,arSyoC0f,@NcuzvRIze
577,sjaimezg0@huffingtonpost.com,Ia5qkBRb,@JGdeVrOlLL
578,fbollisg1@angelfire.com,D1ctZxH6,@HdtUyCS
579,mbushbyg2@hud.gov,eD9Mmp4P,@UuVMaR
580,aferruzzig3@aol.com,0d9GybiB,@SAnqTkkU
581,ikemstong4@thetimes.co.uk,x4ova9Ae,@xdwWZ
582,agarrowayg5@sitemeter.com,V5U3Uwbh,@gvAMKwhTt
583,mgronowg6@intel.com,FK9C3Yg5,@HKHhCpGUOY
584,ldoswellg7@dailymail.co.uk,A2544ay4,@OxEsVMIyNd
585,gchampneysg8@geocities.com,STNl3b2R,@tDYvbUNC
586,nsnailhamg9@aol.com,1y7H8zl6,@PDmciyEUsi
587,shaymanga@creativecommons.org,tUGPN1R0,@cOQrtTay
588,hsatterfittgb@multiply.com,BhdOKo8L,@GtCaYnRT
589,gmcfarlandgc@github.io,02mnn102,@gnjGYEmGZO
590,dmccarlichgd@youtube.com,VQYAX4Ga,@nniNFabTl
591,dwroutge@twitter.com,fVNz5Adh,@sAGeIB
592,bgiottoigf@nytimes.com,4Z41gfGa,@HiWRI
593,rsabengg@csmonitor.com,42lM8hc9,@vyoJK
594,jhambricgh@dion.ne.jp,JQQDCb9a,@xAdyfGbNP
595,xmulberygi@furl.net,4hXM7ROe,@OVjPaaXNW
596,ahendrichgj@cloudflare.com,2ye11IwJ,@qKxXDT
597,uloidlgk@slate.com,MpjU9eRu,@byiEHSCi
598,awigginsgl@skype.com,Q2otO16V,@rcrQrEKwoo
599,ccahillgm@zdnet.com,Fy4v6cWQ,@KJHAU
600,lbarleegn@seesaa.net,ZX620N8l,@fPfBtjKfMb
601,pgoaksgo@pagesperso-orange.fr,FaBpfK8g,@QOVONX
602,ctevlingp@wired.com,bBac2gP5,@nKgkLXmTmf
603,blethburygq@1688.com,edB2GV8S,@gaagQq
604,rgravygr@sphinn.com,53w77NV0,@PszaIvjT
605,dclemettsgs@samsung.com,I46Iq08e,@vINyTuk
606,fwelbandgt@purevolume.com,wQD1AGi4,@TXEvh
607,fgrimmgu@reference.com,mV0C53Sq,@ThKbiYY
608,mferrangv@xinhuanet.com,t6vA2I1T,@bzkYOwQ
609,lsillettgw@accuweather.com,3hc5Gu84,@DNOzlrn
610,vkimblinggx@hibu.com,L80Td2TX,@opNWyfNJWm
611,ahebdongy@sourceforge.net,dcZkEW47,@awTyNosbm
612,iberefordgz@chicagotribune.com,B20otQk7,@NrBMZ
613,lthorneleyh0@globo.com,ohYjx12h,@lvyRkXS
614,amossh1@mysql.com,129GR82L,@VxvgjE
615,smartinsonh2@privacy.gov.au,14GYoU7u,@kUyeOKNCC
616,ychartmanh3@ucsd.edu,y05n4F6L,@eRyGS
617,gstallibrassh4@sphinn.com,ZMmLmD6T,@bolNcLx
618,mboothjarvish5@google.it,G58uVZ2o,@XCDROeIVSh
619,ftassakerh6@jalbum.net,sw84I93e,@obXVrvd
620,lbricknallh7@weebly.com,DPe117GT,@IoVIYKuHYq
621,cdracoh8@biblegateway.com,8g65UaWh,@Vunlsn
622,gtruceh9@smh.com.au,hY910Q5C,@iiKQKzjB
623,rfabbha@desdev.cn,po91Ivji,@Rfwndw
624,bantonaccihb@dot.gov,M6EfJ0uN,@UiSbflJoIn
625,amanuellihc@mapy.cz,y3V4XTd5,@NQXXOpPGii
626,gberringerhd@wisc.edu,8u8R60Mc,@QqQhUz
627,srosariohe@aboutads.info,7v8VSlax,@XPcpO
628,qoreganhf@constantcontact.com,86ghBFc6,@GQFnrhFrM
629,mmunceyhg@histats.com,0fs8lRej,@OqxodFX
630,bburhillhh@yellowpages.com,TD2V9Pp1,@CaYpw
631,ggosarthi@illinois.edu,dvx7yV2h,@Klkhm
632,rraimenthj@go.com,8J1B9GH3,@UvZdUZY
633,cosheehk@sourceforge.net,LK23ngYb,@bAwFwBGfSa
634,bdollinghl@fda.gov,w0tOGPv6,@HwTiB
635,breekiehm@google.ca,5UJX10QO,@bYHCEw
636,mpolinhn@booking.com,cw1tXm7N,@riHDJAWW
637,jludeho@wikimedia.org,w93H5d6l,@rXBeRKvc
638,ehadyehp@ftc.gov,sIX4DZQG,@qWbIXpht
639,ypolleyhq@woothemes.com,Qe3625S9,@ILmUUgCEgd
640,cdyterhr@jimdo.com,bXOqv1c4,@Yvmdme
641,bpridenhs@auda.org.au,gQdECqTh,@tbSmGXls
642,rverrillsht@addtoany.com,l2aPF67l,@vTAPSOyKc
643,rdevenishhu@noaa.gov,695COr92,@mvJlrVIsc
644,mivanchovhv@ustream.tv,vMf7JiU2,@aIbiZOxVZ
645,jbriknerhw@rambler.ru,Vx13WNh5,@nUDdH
646,krubkehx@ustream.tv,3W79F930,@lkAnO
647,bjerrolthy@diigo.com,d6jS8cd6,@ipZJCNgGYS
648,stillyhz@tiny.cc,1TP5909V,@wWVTjTcc
649,bbloweri0@addthis.com,1d5Pexun,@oKuXoMusem
650,efantei1@gravatar.com,4M842Ctp,@iLDkud
651,amarchmenti2@umn.edu,g3ZBV7w0,@qrkZFsFUR
652,swhanneli3@webnode.com,5Vv5965X,@EFVTejJC
653,fcobaini4@flickr.com,Xph6j7aH,@MjAWbC
654,gcallowi5@rambler.ru,Do2TjE5i,@NQajwuum
655,tfargheri6@ow.ly,cWDxgAyi,@sgJIAsOeWm
656,mscurryi7@bbc.co.uk,28u0MxEs,@ykqSgHoOi
657,vkubickii8@canalblog.com,i1bHA9pl,@cAPZhxyJZ
658,rlingi9@weather.com,yO1626z6,@fRYhhE
659,ovelteia@issuu.com,OAD359x9,@xjWXclwQv
660,mjakobssenib@princeton.edu,11SN4lJN,@fBlPHKEo
661,kcollumic@tmall.com,NcZ0wML1,@jXOWwkKFXb
662,breadittid@free.fr,46487VBh,@McmRrjqmHQ
663,clentonie@princeton.edu,4hDP6Qmr,@gzOynR
664,vgreensallif@mozilla.org,25ol81t5,@wneuPBi
665,ecamellig@state.gov,7I39wE40,@pzqoLj
666,jelgramih@reddit.com,ui6U5Ts5,@cYSxnJ
667,cbomfieldii@about.com,r0lTqWzy,@BsKwEWTh
668,pwarcopij@wiley.com,Tye2epDD,@JEVPog
669,agregoireik@cpanel.net,S72Obxqc,@wHGKpiUMG
670,tdinningil@bluehost.com,uoXT2146,@pCTXFb
671,dlumleyim@amazon.com,0VKnpcqd,@WPvOixMr
672,ttheoboldin@addtoany.com,a4XzTSg8,@cOTBVlraGd
673,mjellingsio@usatoday.com,3WXM1s2X,@ppZcb
674,svlasyevip@boston.com,1SYf18i1,@cNkQFOTkV
675,syellandiq@meetup.com,5aprlk6d,@qCQHOCjk
676,sgrumbleir@merriam-webster.com,S0q3OB7E,@iRaUlQ
677,acanniffeis@icq.com,9IWkK067,@PkTPtPSr
678,dhughesit@vimeo.com,j5m9epAU,@iGBMX
679,imcallesteriu@squidoo.com,Ss6a6j76,@HFwDIOJQZ
680,wnewburyiv@netscape.com,6pfk0Uv3,@GWLmUYnw
681,droustiw@narod.ru,f7b7L9YR,@mWNYIHDHG
682,dlindenbluthix@spotify.com,c80TQl0c,@nqtjt
683,msallisiy@de.vu,2swv6d08,@fzazFIsR
684,nzoppoiz@spiegel.de,6XnucpGL,@ObJQMeUH
685,lcamisj0@wired.com,WgzHG2M9,@njmtxngWL
686,moshesnanj1@businessinsider.com,QdgD0AnW,@dqNlaodTw
687,mduckersj2@apache.org,w1QJ56F3,@udaTHGfM
688,mconcklinj3@wordpress.com,dO91A2BJ,@uMucsjR
689,akorpalj4@a8.net,l6Pu8UxS,@vsFkkT
690,fgentricj5@naver.com,hSDnSaXr,@fPnQcnnGu
691,cassafj6@soup.io,i948ZQFk,@QqIoZWkrke
692,ijallandj7@bravesites.com,6kMM80T0,@FkGlzUo
693,fcoatesj8@cargocollective.com,qh3J94cg,@thDOHYE
694,neringeyj9@soundcloud.com,nO9j6H8Q,@xhDCc
695,vchristalja@si.edu,G90mgtNI,@PrWqfpva
696,mrubinshteinjb@eepurl.com,83NgXQ0h,@HEynPLxB
697,skaleyjc@bravesites.com,RAIoe4oW,@ymLTwSdsiR
698,dwinderjd@twitpic.com,VrcTZjF9,@hMydYH
699,asayleje@sciencedirect.com,6wBj1GQ3,@PKUtiD
700,lshillinglawjf@cornell.edu,XoFi1mX0,@fJdwFQtW
701,ikinnenjg@bloglines.com,T9teAYHC,@dzKRzprU
702,ngilksjh@kickstarter.com,ZND0sk8P,@rrizB
703,nogriffinji@oakley.com,i8p4K6fm,@QqcFjsEVD
704,eruddochjj@economist.com,ts54d5A5,@tycEtObt
705,amullinerjk@mit.edu,Fz3ywIXd,@JQbYSJkE
706,mdavidekjl@networksolutions.com,v77g2854,@mdfrMOZNL
707,ebullerwelljm@about.com,p5SXKVEv,@SykfGcDOh
708,sreddlesdenjn@ucsd.edu,53M03cD6,@BqmZwe
709,mwarderjo@google.com.au,9pYK73s4,@eVpQlJN
710,umasdingjp@harvard.edu,M462yotG,@mQCRtZS
711,jharsjq@list-manage.com,y12l1WS0,@EuUJLKnAtP
712,awrenjr@addthis.com,gH0zyxu7,@rFFBQ
713,rmalehamjs@slate.com,Q6kpB37Q,@zpofuuCgO
714,flathburyjt@fotki.com,8Ti3AC51,@YUHEh
715,asteartju@cdbaby.com,U80jqUCv,@aHKIvIHqU
716,fbritonjv@jiathis.com,j86vIlDD,@FjElHD
717,mcullinanjw@wp.com,Dloo6yMV,@NqUPOs
718,etotmanjx@deviantart.com,FKNQT1xp,@FrTDztkRbT
719,gspeckjy@bloomberg.com,Rg7QTqCz,@nbppfSf
720,sgreavesjz@indiatimes.com,MGn4Xu0b,@DgbXskbe
721,shalledek0@unblog.fr,BM83LSUX,@ScWJef
722,tblandk1@usda.gov,7vuyFRNv,@ZVJiOZWy
723,dboylesk2@sohu.com,idWVEyN9,@CzhbQGt
724,edebankek3@yandex.ru,0rx514iP,@pLIuSlB
725,zbroomhallk4@adobe.com,JTP691tM,@HHsGSyq
726,rmustardk5@spotify.com,e7y2Mz12,@CPAAvPJvB
727,dongink6@tripadvisor.com,Yht7U7B9,@atgga
728,skleintk7@example.com,2CIg7bdo,@NrpNGPK
729,tscantleburyk8@example.com,NO73m8Xk,@vGKwO
730,mhinnerkk9@newyorker.com,G7cad7q7,@fyebq
731,kbutsonka@senate.gov,6QODvhhE,@QnyfmEyM
732,ebuckkb@liveinternet.ru,3W98YwZ1,@tmZYKmJk
733,afouchkc@github.io,I505r6bL,@BTDdzbOzZ
734,gruttkd@reference.com,h5EwMZo5,@gztrn
735,afroschauerke@examiner.com,L7810DRm,@UVsWuZb
736,jbachmannkf@merriam-webster.com,qHvWB4Ln,@aiTykWwgF
737,jbrandsenkg@4shared.com,aW7xP9J7,@xiUxOEMYS
738,cmordiekh@washingtonpost.com,1gMJtA4A,@dfUmqiOxt
739,nstienhamki@accuweather.com,5Kk0r91Y,@kuYaYJQ
740,dmactimpanykj@washingtonpost.com,XVeTY0Rs,@Xhbini
741,dredholekk@sun.com,5y3907hj,@MkOFLQ
742,bavesquekl@dell.com,6pj95bQw,@NemDKwP
743,rgideonkm@ow.ly,cfsVO6q3,@lTwmErnbRX
744,gramsdalekn@earthlink.net,cJMCc7pY,@RwyfFyDe
745,ibradbeerko@npr.org,OfrUwiT3,@IIRXbB
746,hchaplainkp@artisteer.com,13EOqw1p,@qOSglrsn
747,ldurmankq@google.fr,DUJl689F,@XJbnEW
748,kgwiltkr@msn.com,Er8DYrZ0,@BchrTNnD
749,jnacciks@si.edu,uHCYWg73,@mtghEz
750,fblessedkt@wiley.com,72hk07bD,@vyBtNduqEl
751,vmaggoriniku@acquirethisname.com,rN476YTo,@WdryK
752,mbillingsleykv@discuz.net,d4dE6VdF,@IlMtO
753,ggouldstrawkw@google.de,934q1O16,@yiVZOpc
754,mvinkerkx@buzzfeed.com,c8Dx9MFc,@KWxmQxvNP
755,tfermorky@xing.com,BIxxjex6,@mpdKgwYiSH
756,rliddiattkz@ezinearticles.com,91oAX6t9,@TAiSmCpN
757,lwildborel0@redcross.org,iL9h0B4d,@PMRVk
758,ttabraml1@tripod.com,ALbvFiU5,@iqfbBYLGAj
759,dkastell2@va.gov,t25jIzAg,@TsJQdBuo
760,mnollil3@accuweather.com,25owcZbf,@ECeBxbZrGe
761,adidsburyl4@uol.com.br,5hCl7lm6,@xLmRJt
762,ddeabilll5@pen.io,zSJ9PJd8,@dCNhzO
763,wbownesl6@mysql.com,2J9AC71Y,@qwXbdM
764,lschirakl7@last.fm,0zY2PjP6,@OUVDlILKc
765,kbordessal8@chron.com,AfUDXx4j,@SDAyN
766,apfaffell9@wordpress.org,7eWj1U0R,@jDnlbXo
767,ttampionla@columbia.edu,vb4yxpqb,@eCUAdow
768,lrigmondlb@cnbc.com,7C2j1jlp,@hmFHzHoR
769,smathiesonlc@washington.edu,b18P45u8,@ijoVW
770,rchiplenld@hexun.com,xp3h7403,@XNdJhvkekL
771,cwestlakele@reuters.com,OM9HaLm4,@WgmXPbZxnA
772,tthallf@ucsd.edu,HE5GlHYS,@XAXBWXSmR
773,garnaldlg@stanford.edu,0Bhla60e,@ihfTMFQ
774,emcgilbenlh@sbwire.com,q6zKNJhd,@OptSf
775,dbidnallli@slate.com,cE7ywy0p,@fTXqLkug
776,adescroixlj@symantec.com,102f0004,@TFwuk
777,wspillanelk@mozilla.com,uEUCJf4a,@XeCUHcs
778,jaudrittll@jugem.jp,QCdAUspb,@ilqrq
779,efarnalllm@dyndns.org,j7E20u6F,@NymAytSMp
780,cweatherbyln@technorati.com,1aE97nhg,@jjXjGn
781,bcrosfeldlo@51.la,jR7GwE4q,@BUene
782,cenrricolp@blogtalkradio.com,V5o5oz5R,@rNlOCx
783,lshobbrooklq@addtoany.com,1i71JvXQ,@leRkekPzM
784,mohanleylr@imgur.com,yx7Rj0Rl,@IcClkZD
785,mhealingsls@techcrunch.com,kOprNR56,@sJKqwhYftj
786,rhenriclt@reference.com,A5I58n4Q,@rzDNw
787,mdaultonlu@youtu.be,4J64nD65,@GRzmYvy
788,asimonoulv@geocities.jp,88pz61ii,@ouMaNV
789,blardeurlw@360.cn,p187n9sT,@gVnnbEsAX
790,chogganlx@dion.ne.jp,YhcEjVv8,@JObBuOEB
791,dhartwrightly@biblegateway.com,66InqJuO,@xKAOcSpQ
792,bblanchardlz@wufoo.com,03qd74TJ,@xrddGSrk
793,cleekm0@shinystat.com,Zu6Yz6uA,@EsEZFzq
794,mbealtonm1@apache.org,9sCO0e9R,@vcroTMakP
795,gdronsfieldm2@last.fm,ohbM80UB,@SOPjKGoD
796,mannellm3@51.la,ZvNNAO44,@qHwskzheAe
797,pscandrickm4@utexas.edu,6EG8un77,@LntyO
798,twernym5@bloomberg.com,Rfr81FsO,@YuwLxOUo
799,jbodicumm6@archive.org,037BdD1c,@YuJiC
800,cdallimarem7@ask.com,6bN0Yje6,@dlBtp
801,tbarstockm8@walmart.com,9B4U90NM,@DVzDwsHRJH
802,gmordinm9@g.co,hTzEf7MZ,@qesjaEWNy
803,hobrianma@cisco.com,RC7Irqy0,@VszxvxO
804,hreadmb@admin.ch,NkBkVC2i,@hfNgqhvpkh
805,wreinermc@php.net,V1L7x7nF,@afurI
806,mrodsonmd@people.com.cn,182B657H,@sJxhQ
807,wblaxillme@mlb.com,r85073Ln,@yEUjt
808,gheppenspallmf@icq.com,M2tKO939,@vlzLrOhNJQ
809,svillemg@mapquest.com,E9Kj2p7r,@rwaKdTn
810,pthomazinmh@cyberchimps.com,r6Wt23I2,@xkifXfkVOz
811,rguirardmi@sitemeter.com,7PEygPI9,@ZzpltjS
812,kdannmj@bbb.org,5O5Tu51Q,@CtUEoxLF
813,hchattoemk@so-net.ne.jp,YpsaQAW6,@wNDWF
814,jhopferml@squidoo.com,RiyJyBhA,@lhQwFL
815,fhowfordmm@twitpic.com,aSYe2xc3,@PXwoaREZ
816,mdinwoodiemn@xing.com,VRfuEQf9,@xtnjZtfzvW
817,kmathetmo@usnews.com,L4ST03X1,@xcktpU
818,dblaszczynskimp@irs.gov,NRLw0G3y,@xDDHasc
819,gpitkaithlymq@disqus.com,4qVs4dHZ,@vVfomV
820,yangelomr@nasa.gov,aFHuiz83,@AwjQzHWFr
821,fjankovicms@livejournal.com,i5Z7lm86,@fXPYNFhFSR
822,lwrefordmt@amazon.de,6063yRtN,@YRPZnQy
823,dbatesmu@springer.com,9WdOgbDe,@KlcnMFNSyV
824,ebiaggionimv@paginegialle.it,xNYHEz3W,@JjqbdJX
825,spoynermw@nih.gov,2KyJ9Hm2,@AujNbQu
826,kbueymx@utexas.edu,k8bRjQbX,@ysAeFgbh
827,ybenoistmy@storify.com,AgfLU983,@jMeSIpN
828,vrosonimz@theglobeandmail.com,N0EX2A7x,@OXxYz
829,sspranklingn0@walmart.com,wGt8wtsS,@auGTaLHK
830,psnookn1@hc360.com,5TnvXZeM,@kvTBMEVTH
831,gfurnissn2@desdev.cn,HIRfgo0z,@eEyCCE
832,nkelceyn3@cpanel.net,r45C2xX0,@RwWnoSgXAU
833,dmationn4@uiuc.edu,l4u6gAg3,@qcnIU
834,lbenedickn5@cisco.com,nwK4K85w,@jsfIP
835,lblindern6@cornell.edu,suzW6PP1,@hbJeoNjug
836,rghiraldin7@storify.com,9iV8Fv5r,@jAdJdjPZGH
837,gwatsamn8@samsung.com,410Mfre0,@SrhqfgiuiB
838,ianscottn9@digg.com,36mu56Fq,@fLobTC
839,mburttna@zdnet.com,1YPBE75o,@XwCYyI
840,jraddannb@feedburner.com,09v4P0P6,@XqiSod
841,kburgwynnc@earthlink.net,5V59lAtd,@qAotH
842,ilaundernd@arstechnica.com,kwJ9rkvW,@hXWZj
843,melmhirstne@ask.com,DMV6dV95,@iESoKR
844,eblesingnf@seesaa.net,0TlB1jPX,@KfcXbG
845,ccreaserng@chronoengine.com,x95u76kB,@LyWKVtABP
846,rdunrigenh@washington.edu,WetAmbm6,@ZNdsEPf
847,sbaggettni@ihg.com,8r3DFKJu,@yCbrCoD
848,glateynj@diigo.com,KvF7x478,@YBNNrUqyr
849,ohowlinnk@omniture.com,5hZijYar,@DqjuheohKG
850,dbudnknl@irs.gov,h5ajH6yB,@ODbLosN
851,tbiggadikenm@time.com,FF6PytF9,@nTUNXxupO
852,bfeeneynn@nsw.gov.au,mjG23j36,@lMbtlq
853,cliptrotno@pen.io,9OiQIDy9,@RVPJyhHQe
854,jklewernp@etsy.com,cYjpHt40,@uHDVDUbz
855,goggersnq@vistaprint.com,GhCyhRI2,@rjTjnDjbhN
856,adouthwaitenr@forbes.com,xCZ1k2cn,@vFEPrau
857,dlawfordns@mashable.com,2r1P72s2,@bhSRSFh
858,abrydient@bing.com,6a8wBhIp,@sUIaV
859,bclimancenu@reference.com,1E375174,@zYkqg
860,fcregannv@npr.org,z1U3H3D9,@rIWgUMy
861,cschonfeldernw@skyrock.com,h20R01p0,@trqoSE
862,rbucklesnx@bloglines.com,ppT916ks,@INuPRgCc
863,kdegregoliny@yelp.com,pEYUBV1n,@gnwbVQJOMx
864,scutressnz@unblog.fr,XDG5ApzU,@tCvaWlu
865,enorkero0@blinklist.com,J0Qx03jy,@zwLwkXEmBa
866,mrispino1@ameblo.jp,T7536VVD,@ErUYOsr
867,emardello2@liveinternet.ru,6cCwd223,@GgZoankiM
868,tmcnerlino3@artisteer.com,eZ3JT8FM,@WNrWc
869,sluckmano4@nih.gov,5LVctMmF,@vajKYCGy
870,sclaypoleo5@cornell.edu,FHgbNdK3,@ZbhCq
871,atowo6@hostgator.com,1HNA8sNn,@rhxoOhKH
872,ltuppero7@xing.com,ATabbeJ9,@GqLmNUSOj
873,ecowleyo8@admin.ch,LMUp2Qu9,@eMyuB
874,smargiottao9@indiegogo.com,2dtE8kKL,@hYQeWKlb
875,ajakubovitsoa@facebook.com,CItWyq54,@dJkfGpeA
876,lfacherob@pagesperso-orange.fr,1dZ1Rb2a,@LzEKfHqp
877,mmartensenoc@drupal.org,X8LZ3HFW,@EeVfXCMqi
878,lknightod@ucoz.ru,7ab5lP1X,@RbBQGcc
879,dbenjaminoe@google.fr,wZM11xyZ,@emdIWnxSU
880,tmcmanamanof@pcworld.com,Z2Czyu3J,@aFjMyjjR
881,hloynesog@unc.edu,18pEivGo,@ARzbNsovly
882,ktrammeloh@lycos.com,gOs75bA3,@ElQaqW
883,cbowheyoi@myspace.com,pO1R1pMq,@itrqcv
884,lkirkpatrickoj@sfgate.com,p06e8vLr,@vtVVdhzHq
885,ghatwellok@disqus.com,8j3QvOVx,@MOcyT
886,ocotherillol@deliciousdays.com,Q0425z7z,@hQsIvdT
887,shugganom@sun.com,8cUMD0hl,@SGtkRPZS
888,esirron@yolasite.com,F4zHIh4D,@MIaVxoAjJF
889,kgudemanoo@facebook.com,qVH3v74G,@UEsQqn
890,fthieseop@fastcompany.com,X5395G27,@XwEDVB
891,hmerigeauoq@indiatimes.com,b4gCFQaW,@FbkaemIlS
892,smattiellior@ning.com,adRi1dhC,@LEUtjUD
893,dfillsos@jimdo.com,YBNuyYN4,@atBRWg
894,gpulteneyeot@ucsd.edu,9V6S784H,@wVuioIABj
895,ochalonerou@fema.gov,x70M57ee,@WmbHNWQoc
896,adrohanov@vinaora.com,sfPH1dGA,@ttCidY
897,rnickolesow@independent.co.uk,82j9yvn9,@pnkiXIPGs
898,bnajafianox@sfgate.com,3E3pgeSe,@gDTpQD
899,lcuffinoy@irs.gov,jCWPknm5,@pYxNTxNN
900,ecauldwelloz@cocolog-nifty.com,6o5FCh2U,@qVmBvMlP
901,wstoltingp0@google.com.au,4NJmUVeE,@BEjTy
902,ggabep1@dmoz.org,8gAfz3of,@hwBpX
903,mcuredellp2@about.me,GLQxeT3b,@rEarAI
904,hstammirsp3@comcast.net,fvTL0tnL,@rFNTYzkn
905,cskamalp4@thetimes.co.uk,5v065Mh9,@XErdKzWD
906,fhaistwellp5@unc.edu,Tz0Vcya6,@jxpiI
907,iblakedenp6@artisteer.com,4QQ5idi6,@QQNhcqvZ
908,fsamweyesp7@cbsnews.com,ji6go1TQ,@YSvrYwcYss
909,tduckhamp8@netlog.com,u6v5b9NH,@jjUNKfals
910,btitheringtonp9@trellian.com,YPoaRM8w,@ljHGMToX
911,seastonpa@i2i.jp,ut8UYk78,@XDryAoGkNV
912,beringtonpb@clickbank.net,K8Ucd2r8,@QKRDgaJFqX
913,ntoopinpc@cocolog-nifty.com,Z4j94Ozu,@qABknnsIc
914,lnialpd@exblog.jp,5ND233YA,@mvIjHdPHT
915,avasyutkinpe@wikispaces.com,6q93pR8L,@atlyQwh
916,aholleypf@gov.uk,ytL50h0X,@VuKeDSTLJ
917,dmacdonaldpg@tripod.com,8eRQE9AR,@DNebLawX
918,wshervingtonph@seattletimes.com,m50wEx4P,@cPuiObtwi
919,dinfantepi@dagondesign.com,ZsmsUacd,@GRdnSkzPu
920,mpagelpj@thetimes.co.uk,0w85zKRY,@DVnAuTIRa
921,ppeaddiepk@yellowbook.com,e80p5B74,@dSISE
922,mdamatopl@cnbc.com,17BNh3Wj,@SkfNoU
923,tbrunonpm@creativecommons.org,mv8JV0K0,@zuqddpFc
924,hcornespn@about.com,Gk869306,@jjlhKl
925,aburnsidespo@tinyurl.com,6DUDq86m,@UMOzj
926,merskinepp@cam.ac.uk,nc2z0C77,@OImkDA
927,pfaivrepq@bravesites.com,R4pZPabG,@rSpYrs
928,vwindeattpr@prlog.org,S9xEZCEi,@ExSvcYWSM
929,mdupoyps@artisteer.com,sju43uWy,@FgkDWER
930,sknipept@homestead.com,34Y28VKD,@bMXIC
931,bepppu@foxnews.com,j6pl9cx4,@HmQcmNIyb
932,jkiffepv@mashable.com,70914Y9I,@DPBwuu
933,gbonasspw@acquirethisname.com,s91J5j37,@KOQiaibN
934,jgirardeypx@businessinsider.com,7NoYjTLF,@XkBbGBKfP
935,jcamplenpy@biblegateway.com,59m1V26E,@GMFFOr
936,qzoanepz@reuters.com,oKqD7xvT,@jrUSSeLoXK
937,klarcherq0@cdc.gov,0GpM1t17,@SacQKaOI
938,espellmanq1@foxnews.com,t89FQ9El,@Xxpffr
939,mwilkesq2@naver.com,hxUIDW6w,@RoFkwPn
940,cbidgoodq3@github.com,GX3KofdF,@EAdoNuXwTh
941,spfefferq4@shutterfly.com,gQd7jXCV,@ypxcrpfojm
942,goverburyq5@studiopress.com,48XgxVRf,@ppWpPa
943,nmulfordq6@xrea.com,l4f2FIpS,@rIrgYJ
944,mheadq7@mapy.cz,u4Ja53op,@PoUiF
945,gbrucknerq8@webs.com,avRlsRLk,@uZrAYNWgbL
946,sburnsidesq9@msu.edu,7wv0mVIm,@GWedUkXBvN
947,hpentlandqa@tripadvisor.com,A0APJM3C,@kvGqE
948,mmorridqb@mapquest.com,cxrLFdj1,@TzfSthsF
949,rmitchallqc@studiopress.com,mNVsG4iy,@RqyHFDFeEt
950,rkalinkeqd@typepad.com,u2I00AY9,@piPDdg
951,bearpeqe@barnesandnoble.com,1V8X2EpU,@QkcyN
952,kwalklateqf@symantec.com,XmuwXl7E,@jVfSLMw
953,ikonigqg@time.com,72eTpZ34,@fyjcsLfASr
954,dshalloqh@sciencedirect.com,vh9cq9sR,@CEDCsda
955,dbiaggiqi@domainmarket.com,wL8js7Wz,@NDgYU
956,cfabriqj@sphinn.com,CsFXqCAu,@xKaLX
957,umolianqk@spotify.com,OQNYKkS9,@HrnVggr
958,imeranql@google.com.br,O026NJL3,@LiKXOU
959,hkordaqm@soup.io,3eV806DG,@nTBRIgVh
960,akondratenkoqn@prlog.org,jb966Cni,@tMqJlc
961,cchazierqo@drupal.org,q15164s5,@RxbvD
962,bbickerstasseqp@pcworld.com,34EiEfC5,@KiWYnm
963,dgilbertsonqq@xinhuanet.com,JK3ry8f4,@azzIZj
964,ttolhurstqr@xinhuanet.com,2a6p5dc9,@KvhYiBWdub
965,bcockshuttqs@miitbeian.gov.cn,814aDu9S,@nBbnivaQp
966,rbisleyqt@nih.gov,KESV5fCc,@dkGcU
967,jbenazetqu@macromedia.com,G5qAUCpi,@QLMMP
968,bhelwigqv@behance.net,SG9q92lX,@ZJueJrY
969,mcawsbyqw@theatlantic.com,3Uven717,@JXFVGKnlB
970,caleswellqx@youtu.be,E9V9D22i,@amYztTEuVw
971,baldenqy@dion.ne.jp,W3GTOPSo,@SPQSELL
972,dcapelingqz@uiuc.edu,Bn863F1X,@MMhOUTl
973,hjeffersonr0@ted.com,krplu52m,@lpnUogl
974,htorryr1@ihg.com,ATG5vblL,@WoYLmi
975,mhegertyr2@upenn.edu,4I8vEeig,@CyDofIB
976,dmarkovicr3@marketwatch.com,3zPqjbWr,@umFdSnSKcw
977,scarlowr4@eepurl.com,pPiHpFdF,@dhPrfcGXXt
978,sbluettr5@mac.com,iUYqDE1g,@HIeUIQtV
979,jeidlerr6@aboutads.info,0pC4800R,@atqhU
980,dbagotr7@answers.com,105DNOA5,@xiCEuPJONG
981,meagerr8@google.es,w6XG1X2T,@oqPUscFaRU
982,nroxbyr9@mlb.com,INxK6T92,@rUPRcHlhuv
983,mlaxenra@squarespace.com,3gqzIKK6,@ScrNSV
984,kmcmichaelrb@indiatimes.com,2ynWpsp4,@waMhEn
985,tbeaderc@mtv.com,dchhJxa0,@sYLdXeV
986,bduckeringrd@trellian.com,1y373w9S,@ZMHVf
987,gbonhommere@elegantthemes.com,TIz5hweG,@DqVAHc
988,rmingardorf@tamu.edu,Y3ZccYH8,@CGmtC
989,ecasolrg@free.fr,iglA8Y06,@ExvTLawl
990,blugdenrh@mail.ru,2dcqkPSY,@wGblH
991,komearari@friendfeed.com,YU3m4Q57,@DAKRDbK
992,jhattoerj@un.org,CR2CCQB3,@tepPlrIbFX
993,bbingellrk@phpbb.com,g4UtR72n,@dWYyCXCC
994,asimnorrl@parallels.com,qC7j4G8Y,@YaMQPH
995,klindstedtrm@merriam-webster.com,071297Xo,@nPQww
996,ysmithsonrn@nature.com,lxk03R6e,@iMsvkK
997,rgavahanro@weebly.com,072QS4Ct,@NGIDwhjng
998,boloinnrp@xrea.com,de5VGQf4,@VLjYA
999,gcoughanrq@google.es,1rwSWYGP,@GEiKltH
1000,lmunkleyrr@delicious.com,3WeSfb43,@TLYgvb
